Asset or Liability,Description,Institution / Location,Estimated Value (EUR),Recipient,CAT Group of Recipient,Notes
Example: Bank account,AIB current account,AIB branch name,0.00,Example: daughter,Group A (child) - EUR 400000 threshold,Delete this example row before use
,,,,,,
,,,,,,
,,,,,,
,,,,,,
,,,,,,
,,,,,,
,,,,,,
,,,,,,
,,,,,,
,,,,,,
,,,,,,
,,,,,,
,,,,,,
,,,,,,
CAT group reference (2026),,,,,,
Group A - child from parent,EUR 400000 tax-free threshold,,,,,
Group B - sibling / niece / nephew / grandchild,EUR 40000 tax-free threshold,,,,,
Group C - everyone else,EUR 20000 tax-free threshold,,,,,
Rate above threshold,33% Capital Acquisitions Tax,,,,,
Note,Thresholds are lifetime cumulative per group since 5 December 1991. This is a general reference for organising your own records, not tax advice - confirm current thresholds and your own liability with Revenue or an accountant before relying on it.,,,,,
